method_a,method_b,class,spearman_rho,p_value
integrated_gradients,row_occlusion,Hold,0.8298951048951049,1.295857692237865e-17
integrated_gradients,row_occlusion,Buy,0.6159527972027972,4.723723706205265e-08
integrated_gradients,row_occlusion,Sell,0.7156031468531469,2.1012622895837768e-11
integrated_gradients,chefer,Hold,0.5253255349758728,7.021492245255029e-06
integrated_gradients,chefer,Buy,0.6540476859302258,3.464814558513125e-09
integrated_gradients,chefer,Sell,0.6911567744936428,1.8555872848402742e-10
row_occlusion,chefer,Hold,0.44820821030502167,0.0001810081964094989
row_occlusion,chefer,Buy,0.10552897060221728,0.4027988342992398
row_occlusion,chefer,Sell,0.5728715546977509,6.139797098103762e-07
